16.98113,58.33333,25.92592,20.0,121.24038,38.09523,42.59259,80.68782
16.98113,58.33333,40.74074,13.33333,129.38853,53.96825,27.77777,81.74602
16.98113,66.66666,40.74074,20.0,144.38853,39.68253,51.85185,91.53438
35.84905,38.88888,40.74074,33.33333,148.812,50.79365,31.48148,82.27513
24.5283,47.22222,70.37037,0,142.12089,46.03174,46.29629,92.32803
33.96226,44.44444,40.74074,6.66666,125.8141,42.85714,42.59259,85.44973
11.32075,47.22222,51.85185,40.0,150.39482,31.74603,50.0,81.74603
33.96226,36.11111,48.14814,33.33333,151.55484,39.68253,51.85185,91.53438
30.18867,36.11111,22.22222,13.33333,101.85533,31.74603,31.48148,63.22751
32.07547,50.0,51.85185,46.66666,180.59398,41.26984,61.11111,102.38095
16.98113,69.44444,51.85185,20.0,158.27742,46.03174,44.44444,90.47618
5.66037,41.66666,33.33333,60.0,140.66036,38.09523,25.92592,64.02115
15.09433,52.77777,48.14814,13.33333,129.35357,39.68253,35.18518,74.86771
16.98113,30.55555,22.22222,20.0,89.7589,33.33333,20.37037,53.7037
28.30188,41.66666,48.14814,13.33333,131.45001,46.03174,42.59259,88.62433
20.75471,38.88888,14.81481,13.33333,87.79173,26.98412,25.92592,52.91004
37.73584,22.22222,18.51851,46.66666,125.14323,42.85714,25.92592,68.78306
35.84905,22.22222,48.14814,6.66666,112.88607,42.85714,27.77777,70.63491
28.30188,55.55555,40.74074,13.33333,137.9315,44.44444,37.03703,81.48147
16.98113,33.33333,29.62962,6.66666,86.61074,30.15873,22.22222,52.38095
30.18867,44.44444,7.4074,26.66666,108.70717,33.33333,35.18518,68.51851
20.75471,27.77777,33.33333,13.33333,95.19914,26.98412,29.62962,56.61374
26.41509,36.11111,18.51851,26.66666,107.71137,39.68253,25.92592,65.60845
16.98113,33.33333,25.92592,33.33333,109.57371,25.39682,33.33333,58.73015
26.41509,27.77777,44.44444,20.0,118.6373,31.74603,38.88888,70.63491
16.98113,36.11111,48.14814,33.33333,134.57371,44.44444,25.92592,70.37036
32.07547,50.0,48.14814,13.33333,143.55694,50.79365,37.03703,87.83068
24.5283,33.33333,25.92592,0,83.78755,31.74603,27.77777,59.5238
33.96226,19.44444,22.22222,26.66666,102.29558,31.74603,31.48148,63.22751
22.6415,50.0,18.51851,26.66666,117.82667,41.26984,29.62962,70.89946
16.98113,55.55555,59.25925,26.66666,158.46259,49.20634,35.18518,84.39152
22.6415,41.66666,59.25925,26.66666,150.23407,50.79365,33.33333,84.12698
26.41509,41.66666,37.03703,26.66666,131.78544,26.98412,50.0,76.98412
26.41509,33.33333,25.92592,0,85.67434,30.15873,29.62962,59.78835
18.86792,50.0,14.81481,20.0,103.68273,39.68253,20.37037,60.0529
16.98113,25.0,29.62962,46.66666,118.27741,42.85714,16.66666,59.5238
39.62264,36.11111,29.62962,13.33333,118.6967,55.55555,18.51851,74.07406
24.5283,41.66666,14.81481,46.66666,127.67643,46.03174,29.62962,75.66136
24.5283,44.44444,44.44444,6.66666,120.08384,44.44444,25.92592,70.37036
24.5283,44.44444,18.51851,6.66666,94.15791,41.26984,22.22222,63.49206
18.86792,22.22222,18.51851,6.66666,66.27531,22.22222,20.37037,42.59259
11.32075,25.0,18.51851,6.66666,61.50592,19.04761,22.22222,41.26983
32.07547,27.77777,33.33333,20.0,113.18657,41.26984,33.33333,74.60317
24.5283,44.44444,33.33333,20.0,122.30607,33.33333,38.88888,72.22221
26.41509,36.11111,11.11111,13.33333,86.97064,31.74603,25.92592,57.67195
16.98113,58.33333,37.03703,26.66666,139.01815,57.14285,22.22222,79.36507
32.07547,50.0,51.85185,13.33333,147.26065,41.26984,46.29629,87.56613
26.41509,69.44444,25.92592,40.0,161.78545,42.85714,50.0,92.85714
5.66037,38.88888,7.4074,33.33333,85.28998,22.22222,24.07407,46.29629
9.43396,16.66666,3.7037,6.66666,36.47098,11.11111,11.11111,22.22222
9.43396,41.66666,44.44444,6.66666,102.21172,38.09523,18.51851,56.61374
20.75471,36.11111,33.33333,40.0,130.19915,38.09523,35.18518,73.28041
18.86792,25.0,3.7037,26.66666,74.23828,26.98412,20.37037,47.35449
13.20754,22.22222,14.81481,6.66666,56.91123,28.57142,7.4074,35.97882
28.30188,36.11111,29.62962,0,94.04261,33.33333,31.48148,64.81481
15.09433,30.55555,18.51851,13.33333,77.50172,22.22222,27.77777,49.99999
20.75471,13.88888,3.7037,20.0,58.34729,20.63492,14.81481,35.44973
20.75471,41.66666,22.22222,6.66666,91.31025,31.74603,31.48148,63.22751
3.77358,22.22222,14.81481,13.33333,54.14394,15.87301,16.66666,32.53967
13.20754,50.0,37.03703,33.33333,133.5779,38.09523,35.18518,73.28041
13.20754,50.0,29.62962,33.33333,126.17049,38.09523,27.77777,65.873
16.98113,25.0,33.33333,6.66666,81.98112,31.74603,18.51851,50.26454
13.20754,19.44444,48.14814,6.66666,87.46678,20.63492,27.77777,48.41269
30.18867,13.88888,40.74074,13.33333,98.15162,28.57142,29.62962,58.20104
28.30188,30.55555,37.03703,0,95.89446,41.26984,29.62962,70.89946
18.86792,38.88888,25.92592,26.66666,110.34938,22.22222,40.74074,62.96296
28.30188,25.0,44.44444,20.0,117.74632,36.50793,31.48148,67.98941
18.86792,41.66666,44.44444,6.66666,111.64568,30.15873,40.74074,70.89947
24.5283,25.0,37.03703,33.33333,119.89866,36.50793,27.77777,64.2857
11.32075,47.22222,25.92592,6.66666,91.13555,26.98412,35.18518,62.1693
13.20754,22.22222,18.51851,26.66666,80.61493,19.04761,25.92592,44.97353
11.32075,36.11111,22.22222,40.0,109.65408,31.74603,24.07407,55.8201
16.98113,19.44444,44.44444,0,80.87001,30.15873,20.37037,50.5291
16.98113,41.66666,51.85185,26.66666,137.1663,44.44444,35.18518,79.62962
15.09433,52.77777,44.44444,20.0,132.31654,49.20634,24.07407,73.28041
24.5283,36.11111,29.62962,13.33333,103.60236,44.44444,24.07407,68.51851
16.98113,22.22222,29.62962,20.0,88.83297,20.63492,29.62962,50.26454
24.5283,38.88888,22.22222,13.33333,98.97273,31.74603,29.62962,61.37565
16.98113,27.77777,25.92592,26.66666,97.35148,33.33333,25.92592,59.25925
20.75471,47.22222,14.81481,26.66666,109.4584,39.68253,24.07407,63.7566
22.6415,27.77777,33.33333,20.0,103.7526,26.98412,33.33333,60.31745
32.07547,30.55555,29.62962,40.0,132.26064,36.50793,38.88888,75.39681
60.37735,61.11111,29.62962,0,151.11808,30.15873,94.44444,124.60317
33.96226,38.88888,29.62962,26.66666,129.14742,23.80952,59.25925,83.06877
13.20754,30.55555,11.11111,6.66666,61.54086,14.28571,33.33333,47.61904
33.96226,44.44444,14.81481,13.33333,106.55484,33.33333,37.03703,70.37036
28.30188,47.22222,22.22222,13.33333,111.07965,41.26984,38.88888,80.15872
20.75471,19.44444,18.51851,20.0,78.71766,28.57142,16.66666,45.23808
11.32075,52.77777,40.74074,20.0,124.83926,34.92063,38.88888,73.80951
60.37735,33.33333,33.33333,26.66666,153.71067,53.96825,50.0,103.96825
22.6415,47.22222,33.33333,13.33333,116.53038,31.74603,40.74074,72.48677
26.41509,36.11111,7.4074,6.66666,76.60026,33.33333,22.22222,55.55555
26.41509,16.66666,29.62962,20.0,92.71137,31.74603,25.92592,57.67195
33.96226,33.33333,22.22222,20.0,109.51781,36.50793,33.33333,69.84126
13.20754,63.88888,14.81481,26.66666,118.57789,44.44444,20.37037,64.81481
24.5283,22.22222,25.92592,0,72.67644,34.92063,20.37037,55.291
26.41509,33.33333,25.92592,26.66666,112.341,41.26984,20.37037,61.64021
33.96226,52.77777,37.03703,40.0,163.77706,58.73015,33.33333,92.06348
22.6415,36.11111,44.44444,6.66666,109.86371,47.61904,22.22222,69.84126
15.09433,63.88888,44.44444,40.0,163.42765,60.31746,24.07407,84.39153
28.30188,47.22222,37.03703,100.0,212.56113,60.31746,38.88888,99.20634
30.18867,52.77777,33.33333,6.66666,122.96643,39.68253,40.74074,80.42327
18.86792,36.11111,44.44444,40.0,139.42347,31.74603,40.74074,72.48677
35.84905,38.88888,29.62962,6.66666,111.03421,28.57142,46.29629,74.86771
24.5283,36.11111,7.4074,6.66666,74.71347,17.46031,40.74074,58.20105
30.18867,61.11111,25.92592,40.0,157.2257,47.61904,42.59259,90.21163
15.09433,75.0,25.92592,33.33333,149.35358,58.73015,29.62962,88.35977
26.41509,69.44444,37.03703,46.66666,179.56322,58.73015,35.18518,93.91533
18.86792,66.66666,44.44444,46.66666,176.64568,58.73015,31.48148,90.21163
35.84905,47.22222,48.14814,26.66666,157.88607,47.61904,46.29629,93.91533
28.30188,52.77777,33.33333,46.66666,161.07964,55.55555,27.77777,83.33332
26.41509,50.0,22.22222,33.33333,131.97064,46.03174,35.18518,81.21692
15.09433,25.0,33.33333,13.33333,86.76099,34.92063,20.37037,55.291
13.20754,30.55555,33.33333,33.33333,110.42975,31.74603,25.92592,57.67195
22.6415,25.0,44.44444,0,92.08594,38.09523,24.07407,62.1693
41.50943,22.22222,44.44444,33.33333,141.50942,44.44444,40.74074,85.18518
33.96226,22.22222,18.51851,6.66666,81.36965,31.74603,25.92592,57.67195
24.5283,55.55555,33.33333,6.66666,120.08384,26.98412,51.85185,78.83597
7.54716,19.44444,14.81481,33.33333,75.13974,11.11111,31.48148,42.59259
20.75471,25.0,22.22222,6.66666,74.64359,25.39682,25.92592,51.32274
32.07547,50.0,11.11111,20.0,113.18658,39.68253,35.18518,74.86771
24.5283,38.88888,11.11111,6.66666,81.19495,30.15873,22.22222,52.38095
24.5283,33.33333,48.14814,33.33333,139.3431,44.44444,35.18518,79.62962
35.84905,69.44444,74.07407,13.33333,192.70089,79.36507,33.33333,112.6984
24.5283,55.55555,33.33333,33.33333,146.75051,53.96825,25.92592,79.89417
41.50943,66.66666,18.51851,13.33333,140.02793,44.44444,46.29629,90.74073
7.54716,22.22222,18.51851,40.0,88.28789,22.22222,24.07407,46.29629
15.09433,27.77777,18.51851,6.66666,68.05727,33.33333,11.11111,44.44444
9.43396,16.66666,29.62962,13.33333,69.06357,19.04761,20.37037,39.41798
16.98113,44.44444,11.11111,13.33333,85.87001,34.92063,16.66666,51.58729
7.54716,25.0,11.11111,26.66666,70.32493,14.28571,22.22222,36.50793
30.18867,27.77777,18.51851,26.66666,103.15161,28.57142,33.33333,61.90475
13.20754,36.11111,14.81481,6.66666,70.80012,26.98412,18.51851,45.50263
16.98113,33.33333,25.92592,40.0,116.24038,38.09523,22.22222,60.31745
15.09433,52.77777,22.22222,33.33333,123.42765,36.50793,31.48148,67.98941
11.32075,27.77777,51.85185,13.33333,104.2837,33.33333,24.07407,57.4074
18.86792,16.66666,18.51851,6.66666,60.71975,26.98412,11.11111,38.09523
15.09433,13.88888,22.22222,0,51.20543,20.63492,14.81481,35.44973
18.86792,36.11111,14.81481,13.33333,83.12717,31.74603,16.66666,48.41269
18.86792,27.77777,14.81481,13.33333,74.79383,23.80952,24.07407,47.88359
33.96226,33.33333,40.74074,13.33333,121.36966,38.09523,38.88888,76.98411
20.75471,33.33333,11.11111,20.0,85.19915,26.98412,24.07407,51.05819
26.41509,41.66666,25.92592,20.0,114.00767,39.68253,33.33333,73.01586
28.30188,16.66666,18.51851,13.33333,76.82038,30.15873,25.92592,56.08465
15.09433,16.66666,29.62962,20.0,81.39061,23.80952,24.07407,47.88359
28.30188,22.22222,18.51851,0,69.04261,30.15873,25.92592,56.08465
26.41509,30.55555,14.81481,20.0,91.78545,25.39682,33.33333,58.73015
32.07547,22.22222,37.03703,20.0,111.33472,31.74603,42.59259,74.33862
33.96226,52.77777,25.92592,20.0,132.66595,42.85714,40.74074,83.59788
35.84905,33.33333,25.92592,0,95.1083,38.09523,44.44444,82.53967
28.30188,41.66666,33.33333,40.0,143.30187,52.38095,33.33333,85.71428
41.50943,47.22222,7.4074,13.33333,109.47238,36.50793,42.59259,79.10052
26.41509,22.22222,44.44444,26.66666,119.74841,46.03174,25.92592,71.95766
24.5283,50.0,25.92592,13.33333,113.78755,22.22222,57.4074,79.62962
20.75471,41.66666,55.55555,46.66666,164.64358,55.55555,35.18518,90.74073
16.98113,22.22222,25.92592,40.0,105.12927,30.15873,24.07407,54.2328
30.18867,30.55555,22.22222,13.33333,96.29977,36.50793,27.77777,64.2857
15.09433,33.33333,22.22222,20.0,90.64988,25.39682,27.77777,53.17459
20.75471,36.11111,29.62962,6.66666,93.1621,31.74603,25.92592,57.67195
24.5283,44.44444,25.92592,20.0,114.89866,33.33333,44.44444,77.77777
22.6415,47.22222,22.22222,46.66666,138.7526,44.44444,37.03703,81.48147
20.75471,38.88888,33.33333,13.33333,106.31025,33.33333,29.62962,62.96295
67.92452,41.66666,40.74074,26.66666,176.99858,49.20634,68.51851,117.72485
28.30188,38.88888,33.33333,26.66666,127.19075,22.22222,53.7037,75.92592
20.75471,52.77777,44.44444,6.66666,124.64358,42.85714,31.48148,74.33862
30.18867,27.77777,18.51851,0,76.48495,30.15873,22.22222,52.38095
26.41509,61.11111,29.62962,6.66666,123.82248,41.26984,37.03703,78.30687
26.41509,27.77777,25.92592,20.0,100.11878,26.98412,31.48148,58.4656
20.75471,30.55555,14.81481,20.0,86.12507,23.80952,27.77777,51.58729
26.41509,44.44444,33.33333,13.33333,117.52619,31.74603,42.59259,74.33862
28.30188,38.88888,29.62962,33.33333,130.15371,38.09523,40.74074,78.83597
24.5283,27.77777,22.22222,33.33333,107.86162,36.50793,25.92592,62.43385
49.0566,30.55555,18.51851,33.33333,131.46399,42.85714,38.88888,81.74602
24.5283,86.11111,18.51851,20.0,149.15792,50.79365,38.88888,89.68253
13.20754,22.22222,18.51851,33.33333,87.2816,14.28571,29.62962,43.91533
18.86792,36.11111,51.85185,20.0,126.83088,34.92063,38.88888,73.80951
22.6415,22.22222,18.51851,20.0,83.38223,28.57142,20.37037,48.94179
11.32075,38.88888,37.03703,40.0,127.24666,36.50793,27.77777,64.2857
28.30188,38.88888,22.22222,13.33333,102.74631,23.80952,46.29629,70.10581
18.86792,44.44444,25.92592,33.33333,122.57161,38.09523,33.33333,71.42856
18.86792,25.0,25.92592,13.33333,83.12717,33.33333,16.66666,49.99999
18.86792,16.66666,25.92592,20.0,81.4605,23.80952,22.22222,46.03174
15.09433,38.88888,22.22222,20.0,96.20543,33.33333,20.37037,53.7037
24.5283,33.33333,25.92592,13.33333,97.12088,34.92063,22.22222,57.14285
33.96226,66.66666,29.62962,13.33333,143.59187,46.03174,46.29629,92.32803
22.6415,33.33333,59.25925,53.33333,168.56741,49.20634,33.33333,82.53967
16.98113,50.0,44.44444,53.33333,164.7589,52.38095,35.18518,87.56613
35.84905,63.88888,62.96296,26.66666,189.36755,66.66666,44.44444,111.1111
22.6415,63.88888,55.55555,33.33333,175.41926,52.38095,42.59259,94.97354
18.86792,55.55555,33.33333,40.0,147.7568,50.79365,29.62962,80.42327
20.75471,80.55555,96.29629,46.66666,244.27321,93.65079,31.48148,125.13227
32.07547,91.66666,92.59259,66.66666,283.00138,100.0,44.44444,144.44444
33.96226,55.55555,37.03703,73.33333,199.88817,53.96825,50.0,103.96825
41.50943,33.33333,62.96296,26.66666,164.47238,55.55555,37.03703,92.59258
18.86792,22.22222,29.62962,20.0,90.71976,31.74603,25.92592,57.67195
24.5283,27.77777,18.51851,26.66666,97.49124,34.92063,20.37037,55.291
22.6415,33.33333,44.44444,53.33333,153.7526,47.61904,31.48148,79.10052
24.5283,38.88888,33.33333,40.0,136.75051,50.79365,24.07407,74.86772
33.96226,52.77777,40.74074,33.33333,160.8141,65.07936,24.07407,89.15343
26.41509,33.33333,40.74074,46.66666,147.15582,41.26984,37.03703,78.30687
18.86792,52.77777,37.03703,13.33333,122.01605,34.92063,35.18518,70.10581
28.30188,33.33333,48.14814,0,109.78335,50.79365,22.22222,73.01587
33.96226,36.11111,18.51851,26.66666,115.25854,23.80952,50.0,73.80952
20.75471,27.77777,29.62962,20.0,98.1621,33.33333,24.07407,57.4074
26.41509,36.11111,18.51851,0,81.04471,25.39682,29.62962,55.02644
13.20754,22.22222,22.22222,20.0,77.65198,17.46031,24.07407,41.53438
33.96226,30.55555,37.03703,53.33333,154.88817,44.44444,37.03703,81.48147
30.18867,30.55555,37.03703,6.66666,104.44791,34.92063,38.88888,73.80951
24.5283,41.66666,37.03703,60.0,163.23199,49.20634,37.03703,86.24337
24.5283,33.33333,22.22222,13.33333,93.41718,25.39682,35.18518,60.582
20.75471,55.55555,33.33333,33.33333,142.97692,39.68253,46.29629,85.97882
22.6415,52.77777,44.44444,20.0,139.86371,53.96825,25.92592,79.89417
18.86792,72.22222,25.92592,40.0,157.01606,47.61904,38.88888,86.50792
16.98113,33.33333,29.62962,26.66666,106.61074,33.33333,25.92592,59.25925
18.86792,50.0,29.62962,20.0,118.49754,39.68253,31.48148,71.16401
24.5283,30.55555,22.22222,26.66666,103.97273,42.85714,18.51851,61.37565
24.5283,36.11111,11.11111,13.33333,85.08385,33.33333,24.07407,57.4074
24.5283,50.0,37.03703,0,111.56533,36.50793,37.03703,73.54496
37.73584,55.55555,59.25925,13.33333,165.88397,55.55555,46.29629,101.85184
16.98113,50.0,51.85185,13.33333,132.16631,41.26984,33.33333,74.60317
26.41509,38.88888,25.92592,20.0,111.22989,33.33333,35.18518,68.51851
18.86792,55.55555,29.62962,26.66666,130.71975,44.44444,29.62962,74.07406
33.96226,52.77777,55.55555,26.66666,168.96224,50.79365,44.44444,95.23809
28.30188,61.11111,40.74074,6.66666,136.82039,46.03174,42.59259,88.62433
100.0,36.11111,37.03703,26.66666,199.8148,60.31746,100.0,160.31746
18.86792,27.77777,33.33333,20.0,99.97902,33.33333,31.48148,64.81481
39.62264,58.33333,48.14814,26.66666,172.77077,65.07936,37.03703,102.11639
32.07547,30.55555,37.03703,33.33333,133.00138,33.33333,53.7037,87.03703
33.96226,38.88888,77.77777,6.66666,157.29557,34.92063,68.51851,103.43914
16.98113,38.88888,33.33333,20.0,109.20334,33.33333,37.03703,70.37036
33.96226,44.44444,18.51851,13.33333,110.25854,44.44444,27.77777,72.22221
32.07547,33.33333,29.62962,26.66666,121.70508,41.26984,29.62962,70.89946
9.43396,61.11111,33.33333,20.0,123.8784,52.38095,16.66666,69.04761
11.32075,66.66666,29.62962,33.33333,140.95036,42.85714,38.88888,81.74602
24.5283,38.88888,14.81481,33.33333,111.56532,41.26984,22.22222,63.49206
26.41509,36.11111,25.92592,26.66666,115.11878,42.85714,33.33333,76.19047
11.32075,30.55555,25.92592,13.33333,81.13555,25.39682,22.22222,47.61904
20.75471,36.11111,18.51851,20.0,95.38433,22.22222,35.18518,57.4074
24.5283,27.77777,18.51851,26.66666,97.49124,22.22222,33.33333,55.55555
33.96226,41.66666,14.81481,20.0,110.44373,26.98412,44.44444,71.42856
13.20754,33.33333,33.33333,13.33333,93.20753,36.50793,16.66666,53.17459
11.32075,50.0,33.33333,13.33333,107.98741,33.33333,29.62962,62.96295
15.09433,47.22222,29.62962,26.66666,118.61283,38.09523,25.92592,64.02115
26.41509,19.44444,44.44444,20.0,110.30397,30.15873,31.48148,61.64021
18.86792,30.55555,29.62962,33.33333,112.38642,31.74603,27.77777,59.5238
16.98113,30.55555,29.62962,6.66666,83.83296,26.98412,29.62962,56.61374
11.32075,41.66666,29.62962,13.33333,95.95036,28.57142,25.92592,54.49734
11.32075,36.11111,29.62962,33.33333,110.39481,19.04761,37.03703,56.08464
30.18867,52.77777,29.62962,40.0,152.59606,39.68253,46.29629,85.97882
16.98113,36.11111,40.74074,6.66666,100.49964,30.15873,31.48148,61.64021
13.20754,36.11111,33.33333,13.33333,95.98531,28.57142,24.07407,52.64549
11.32075,25.0,37.03703,33.33333,106.69111,30.15873,22.22222,52.38095
28.30188,44.44444,22.22222,13.33333,108.30187,36.50793,44.44444,80.95237
20.75471,41.66666,25.92592,26.66666,115.01395,33.33333,31.48148,64.81481
13.20754,41.66666,33.33333,26.66666,114.87419,26.98412,37.03703,64.02115
11.32075,33.33333,40.74074,6.66666,92.06148,26.98412,24.07407,51.05819
33.96226,25.0,55.55555,33.33333,147.85114,36.50793,46.29629,82.80422
15.09433,38.88888,51.85185,20.0,125.83506,30.15873,40.74074,70.89947
28.30188,30.55555,29.62962,33.33333,121.82038,36.50793,35.18518,71.69311
20.75471,27.77777,18.51851,13.33333,80.38432,39.68253,16.66666,56.34919
16.98113,50.0,25.92592,33.33333,126.24038,36.50793,31.48148,67.98941
22.6415,19.44444,18.51851,6.66666,67.27111,25.39682,22.22222,47.61904
16.98113,41.66666,22.22222,26.66666,107.53667,38.09523,20.37037,58.4656
15.09433,38.88888,25.92592,13.33333,93.24246,31.74603,22.22222,53.96825
13.20754,38.88888,22.22222,6.66666,80.9853,36.50793,24.07407,60.582
15.09433,30.55555,18.51851,26.66666,90.83505,23.80952,27.77777,51.58729
20.75471,30.55555,25.92592,20.0,97.23618,30.15873,27.77777,57.9365
26.41509,33.33333,40.74074,33.33333,133.82249,31.74603,40.74074,72.48677
11.32075,25.0,48.14814,20.0,104.46889,23.80952,29.62962,53.43914
20.75471,33.33333,25.92592,6.66666,86.68062,33.33333,25.92592,59.25925
13.20754,27.77777,48.14814,26.66666,115.80011,28.57142,40.74074,69.31216
13.20754,33.33333,18.51851,26.66666,91.72604,15.87301,33.33333,49.20634
16.98113,33.33333,14.81481,13.33333,78.4626,26.98412,25.92592,52.91004
13.20754,27.77777,29.62962,6.66666,77.28159,25.39682,20.37037,45.76719
18.86792,33.33333,25.92592,40.0,118.12717,42.85714,25.92592,68.78306
26.41509,33.33333,7.4074,26.66666,93.82248,28.57142,25.92592,54.49734
20.75471,41.66666,25.92592,6.66666,95.01395,26.98412,33.33333,60.31745
22.6415,30.55555,18.51851,33.33333,105.04889,39.68253,24.07407,63.7566
33.96226,41.66666,44.44444,26.66666,146.74002,46.03174,42.59259,88.62433
18.86792,19.44444,18.51851,20.0,76.83087,19.04761,24.07407,43.12168
24.5283,16.66666,18.51851,13.33333,73.0468,19.04761,33.33333,52.38094
22.6415,30.55555,14.81481,20.0,88.01186,22.22222,31.48148,53.7037
11.32075,16.66666,22.22222,26.66666,76.87629,22.22222,16.66666,38.88888
7.54716,19.44444,18.51851,66.66666,112.17677,25.39682,25.92592,51.32274
13.20754,41.66666,22.22222,40.0,117.09642,38.09523,25.92592,64.02115
18.86792,38.88888,11.11111,6.66666,75.53457,30.15873,16.66666,46.82539
7.54716,13.88888,22.22222,53.33333,96.99159,19.04761,20.37037,39.41798
16.98113,16.66666,33.33333,6.66666,73.64778,23.80952,20.37037,44.17989
7.54716,27.77777,22.22222,33.33333,90.88048,23.80952,20.37037,44.17989
16.98113,27.77777,25.92592,6.66666,77.35148,20.63492,25.92592,46.56084
22.6415,36.11111,44.44444,46.66666,149.86371,41.26984,35.18518,76.45502
7.54716,30.55555,14.81481,26.66666,79.58418,20.63492,20.37037,41.00529
22.6415,36.11111,44.44444,20.0,123.19705,33.33333,35.18518,68.51851
16.98113,50.0,25.92592,6.66666,99.57371,26.98412,42.59259,69.57671
32.07547,30.55555,40.74074,0,103.37176,38.09523,33.33333,71.42856
26.41509,36.11111,55.55555,26.66666,144.74841,46.03174,33.33333,79.36507
18.86792,38.88888,40.74074,26.66666,125.1642,46.03174,20.37037,66.40211
9.43396,36.11111,44.44444,26.66666,116.65617,25.39682,33.33333,58.73015
20.75471,19.44444,55.55555,33.33333,129.08803,39.68253,25.92592,65.60845
28.30188,38.88888,22.22222,33.33333,122.74631,28.57142,40.74074,69.31216
7.54716,25.0,25.92592,13.33333,71.80641,15.87301,24.07407,39.94708
18.86792,44.44444,33.33333,20.0,116.64569,38.09523,40.74074,78.83597
22.6415,55.55555,51.85185,26.66666,156.71556,47.61904,38.88888,86.50792
16.98113,44.44444,44.44444,13.33333,119.20334,36.50793,33.33333,69.84126
20.75471,52.77777,11.11111,13.33333,97.97692,28.57142,31.48148,60.0529
16.98113,27.77777,29.62962,20.0,94.38852,26.98412,25.92592,52.91004
37.73584,25.0,44.44444,13.33333,120.51361,31.74603,42.59259,74.33862
18.86792,25.0,22.22222,13.33333,79.42347,25.39682,20.37037,45.76719
20.75471,19.44444,29.62962,13.33333,83.1621,23.80952,33.33333,57.14285
22.6415,38.88888,11.11111,13.33333,85.97482,34.92063,20.37037,55.291
15.09433,33.33333,29.62962,26.66666,104.72394,34.92063,18.51851,53.43914
30.18867,38.88888,44.44444,26.66666,140.18865,36.50793,44.44444,80.95237
13.20754,50.0,25.92592,13.33333,102.46679,31.74603,31.48148,63.22751
20.75471,63.88888,37.03703,13.33333,135.01395,50.79365,27.77777,78.57142
16.98113,44.44444,51.85185,13.33333,126.61075,39.68253,29.62962,69.31215
18.86792,19.44444,22.22222,20.0,80.53458,31.74603,16.66666,48.41269
13.20754,25.0,11.11111,33.33333,82.65198,15.87301,25.92592,41.79893
24.5283,58.33333,33.33333,26.66666,142.86162,36.50793,46.29629,82.80422
13.20754,19.44444,25.92592,26.66666,85.24456,14.28571,31.48148,45.76719
16.98113,72.22222,55.55555,26.66666,171.42556,38.09523,57.4074,95.50263
45.28301,100.0,100.0,53.33333,298.61634,77.77777,88.88888,166.66665
39.62264,36.11111,55.55555,20.0,151.2893,49.20634,44.44444,93.65078
33.96226,47.22222,33.33333,20.0,134.51781,44.44444,38.88888,83.33332
16.98113,25.0,37.03703,6.66666,85.68482,20.63492,31.48148,52.1164
49.0566,50.0,66.66666,26.66666,192.38992,65.07936,50.0,115.07936
33.96226,52.77777,40.74074,33.33333,160.8141,61.90476,27.77777,89.68253
33.96226,25.0,22.22222,40.0,121.18448,33.33333,38.88888,72.22221
35.84905,30.55555,62.96296,26.66666,156.03422,44.44444,42.59259,87.03703
26.41509,27.77777,37.03703,6.66666,97.89655,36.50793,31.48148,67.98941
26.41509,36.11111,48.14814,20.0,130.67434,38.09523,37.03703,75.13226
20.75471,55.55555,37.03703,26.66666,140.01395,38.09523,38.88888,76.98411
28.30188,16.66666,25.92592,13.33333,84.22779,36.50793,18.51851,55.02644
16.98113,25.0,25.92592,13.33333,81.24038,28.57142,20.37037,48.94179
13.20754,25.0,22.22222,20.0,80.42976,25.39682,24.07407,49.47089
15.09433,44.44444,22.22222,6.66666,88.42765,25.39682,37.03703,62.43385
26.41509,36.11111,33.33333,6.66666,102.52619,23.80952,48.14814,71.95766
24.5283,25.0,22.22222,13.33333,85.08385,30.15873,24.07407,54.2328
30.18867,50.0,55.55555,6.66666,142.41088,33.33333,57.4074,90.74073
13.20754,36.11111,14.81481,0,64.13346,19.04761,27.77777,46.82538
13.20754,27.77777,22.22222,0,63.20753,19.04761,24.07407,43.12168
24.5283,27.77777,33.33333,26.66666,112.30606,39.68253,20.37037,60.0529
20.75471,11.11111,22.22222,26.66666,80.7547,19.04761,27.77777,46.82538
9.43396,36.11111,44.44444,13.33333,103.32284,17.46031,38.88888,56.34919
22.6415,30.55555,37.03703,33.33333,123.56741,41.26984,24.07407,65.34391
11.32075,44.44444,29.62962,26.66666,112.06147,42.85714,14.81481,57.67195
32.07547,50.0,3.7037,6.66666,92.44583,33.33333,31.48148,64.81481
18.86792,36.11111,29.62962,13.33333,97.94198,31.74603,25.92592,57.67195
15.09433,52.77777,44.44444,20.0,132.31654,46.03174,24.07407,70.10581
16.98113,33.33333,33.33333,26.66666,110.31445,23.80952,37.03703,60.84655
15.09433,13.88888,14.81481,20.0,63.79802,22.22222,14.81481,37.03703
3.77358,16.66666,14.81481,20.0,55.25505,14.28571,11.11111,25.39682
35.84905,41.66666,25.92592,13.33333,116.77496,31.74603,42.59259,74.33862
20.75471,41.66666,25.92592,6.66666,95.01395,28.57142,29.62962,58.20104
22.6415,16.66666,14.81481,20.0,74.12297,25.39682,16.66666,42.06348
18.86792,27.77777,22.22222,20.0,88.86791,20.63492,29.62962,50.26454
16.98113,27.77777,25.92592,53.33333,124.01815,36.50793,24.07407,60.582
18.86792,44.44444,40.74074,20.0,124.0531,42.85714,27.77777,70.63491
18.86792,27.77777,29.62962,26.66666,102.94197,26.98412,33.33333,60.31745
11.32075,36.11111,14.81481,26.66666,88.91333,26.98412,22.22222,49.20634
32.07547,50.0,40.74074,0,122.81621,31.74603,51.85185,83.59788
28.30188,27.77777,44.44444,0,100.52409,30.15873,38.88888,69.04761
26.41509,33.33333,37.03703,20.0,116.78545,31.74603,38.88888,70.63491
7.54716,22.22222,33.33333,40.0,103.10271,28.57142,16.66666,45.23808
15.09433,11.11111,29.62962,6.66666,62.50172,26.98412,14.81481,41.79893
20.75471,22.22222,18.51851,13.33333,74.82877,22.22222,22.22222,44.44444
20.75471,27.77777,33.33333,26.66666,108.53247,23.80952,37.03703,60.84655
8335.8471,13833.33173,11474.07213,7999.9987,41643.24966,13049.20461,11683.33161,24732.53622
0.200172829,0.332186653,0.275532583,0.192107935,,0.527612878,0.472387122,
